seqID	family	cluster	isBegin	isEnd	isLen	ncopy4is	start1	end1	start2	end2	score	irId	irLen	nGaps	orfBegin	orfEnd	strand	orfLen	E-value	E-value4copy	type	ov	tir
contig_18	IS110	IS110_219	11629	13114	1486	7	11629	11633	13110	13114	10	5	5	0	11877	12911	-	1035	4.3e-145	4.3e-145	c	7	GAAAA:GAAAA
contig_18	IS66	IS66_78	14227	15708	1482	9	14227	14246	15689	15708	32	18	20	0	14305	15687	+	1383	3.6e-47	3.6e-47	c	9	GTATCCGTTCAGCGGAGTGG:GTATCCGTTCAGGAGAGTGG
contig_18	IS110	IS110_219	18664	20149	1486	7	18664	18668	20145	20149	10	5	5	0	0	0		1	4.3e-145	-1	c	7	GAAAA:GAAAA
contig_18	IS110	IS110_219	36148	37606	1459	7	36148	36154	37600	37606	14	7	7	0	36370	37404	-	1035	4.3e-145	4.3e-145	c	7	AAAAAAG:AAAAAAG
contig_18	IS66	IS66_78	55427	56910	1484	9	55427	55447	56890	56910	34	19	21	0	55449	56831	-	1383	3.6e-47	3.6e-47	c	9	TGTATCCGTTCAGGAGAGTGG:TGTATCCGTTCAGCGGAGTGG
contig_18	IS110	IS110_219	66277	67762	1486	7	66277	66281	67758	67762	10	5	5	0	66525	67559	-	1035	4.3e-145	4.3e-145	c	7	GAAAA:GAAAA
contig_18	IS110	IS110_184	68680	69723	1044	1	68680	68708	69695	69723	22	20	29	0	68975	69768	+	794	8.5e-15	8.5e-15	p	1	AATTATAGCTAAACATACTGTAATTGCTA:AATTACAGCTAATTTTCTTGCTACTGCTA
contig_18	IS481	IS481_213	69912	70798	887	3	69912	69918	70792	70798	10	6	7	0	0	0		1	4.1e-139	-1	p	3	TATTAAA:TATGAAA
contig_18	IS110	IS110_219	100669	101689	1021	1	100669	100712	101647	101689	22	29	44	1	100638	101582	+	945	3.6e-141	3.6e-141	c	1	CAAAAGATCGCTTTGATGTTTTTCTCTCATTTATAAGTAAAAAA:CATAAGATAGAATGGAAGCATTT-TTTGATTTTAAAGTACTAAA
contig_18	IS66	IS66_78	107167	109238	2072	1	107167	107180	109225	109238	20	12	14	0	107597	108868	+	1272	3e-48	3e-48	p	1	GAGTTGATAAAAAT:GAGTTGCAAAAAAT
contig_18	IS66	IS66_78	108970	110451	1482	9	108970	108989	110432	110451	32	18	20	0	108991	110373	-	1383	3.6e-47	3.6e-47	c	9	GTATCCGTTCAGGAGAGTGG:GTATCCGTTCAGCGGAGTGG
contig_18	IS5	IS5_197	114642	115559	918	9	114642	114665	115536	115559	44	23	24	0	0	0		1	1.8e-50	-1	c	9	AGAGGTTGTCCGGAAACTAGTAAA:AGAGGTTGTCCGGAAACAAGTAAA
contig_18	IS5	IS5_197	142349	143266	918	9	142349	142372	143243	143266	44	23	24	0	0	0		1	1.8e-50	-1	c	9	AGAGGTTGTCCGGAAACTAGTAAA:AGAGGTTGTCCGGAAACAAGTAAA
contig_18	IS110	IS110_219	157385	158867	1483	7	157385	157389	158863	158867	10	5	5	0	157598	158632	+	1035	4.3e-145	4.3e-145	c	7	CTTGT:CTTGT
contig_18	IS5	IS5_222	163985	165164	1180	1	163985	164009	165140	165164	30	20	25	0	164172	165098	+	927	1.2e-17	1.2e-17	p	1	CATAGCTGTATGAACATTGAGATAT:CACAACTGTACGAACATTGTAATAT
contig_18	IS110	IS110_219	204833	206318	1486	7	204833	204837	206314	206318	10	5	5	0	205081	206115	-	1035	4.3e-145	4.3e-145	c	7	GAAAA:GAAAA
contig_18	IS66	IS66_78	213745	215234	1490	9	213745	213768	215211	215234	36	21	24	0	0	0		1	3.6e-47	-1	c	9	ATCTGTATCCGTTCAGCGGAGTGG:ATTTGTATCCGTTCAGGAGAGTGG
contig_18	IS5	IS5_197	231974	232891	918	9	231974	231997	232868	232891	44	23	24	0	232034	232828	+	795	1.8e-50	1.8e-50	c	9	AGAGGTTGTCCGGAAACAAGTAAA:AGAGGTTGTCCGGAAACTAGTAAA
contig_18	IS66	IS66_78	242485	243966	1482	9	242485	242504	243947	243966	32	18	20	0	0	0		1	3.6e-47	-1	c	9	GTATCCGTTCAGCGGAGTGG:GTATCCGTTCAGGAGAGTGG
contig_18	IS110	IS110_184	246629	247902	1274	1	246629	246644	247887	247902	24	14	16	0	247128	247968	+	841	9.5e-16	9.5e-16	p	1	TACTTCTACAGTTGCT:TACTGCTACAATTGCT
contig_18	IS66	IS66_78	253134	254615	1482	9	253134	253153	254596	254615	32	18	20	0	0	0		1	3.6e-47	-1	c	9	GTATCCGTTCAGCGGAGTGG:GTATCCGTTCAGGAGAGTGG
contig_18	IS66	IS66_79	285900	287570	1671	1	285900	285929	287541	287570	32	23	30	0	286028	287390	-	1363	5.8e-29	5.8e-29	p	1	GTCATCCAAGTAGCTGACACTGGGATGACA:GTCATTCCAGTGCTTAACACTGGAATGACA
contig_18	IS5	IS5_222	290159	291497	1339	1	290159	290175	291481	291497	22	14	17	0	290169	291455	-	1287	1.6e-19	1.6e-19	p	1	AAACCTCATTTTAAATA:AAAATTCATTATAAATA
contig_18	IS5	IS5_197	292829	293746	918	9	292829	292852	293723	293746	44	23	24	0	0	0		1	1.8e-50	-1	c	9	AGAGGTTGTCCGGAAACTAGTAAA:AGAGGTTGTCCGGAAACAAGTAAA
contig_18	IS630	IS630_386	304692	306578	1887	1	304692	304722	306548	306578	30	23	31	0	305057	306183	-	1127	2.3e-34	2.3e-34	p	1	AAGAAATTTACCAAATAAAAAAAAGGCAAAA:AAGAAATTTAAAGAATCACATAAAGGAAGAA
contig_18	IS5	IS5_197	306268	307185	918	9	306268	306291	307162	307185	44	23	24	0	0	0		1	1.8e-50	-1	c	9	AGAGGTTGTCCGGAAACTAGTAAA:AGAGGTTGTCCGGAAACAAGTAAA
contig_18	IS66	IS66_78	312944	314433	1490	9	312944	312967	314410	314433	36	21	24	0	312969	314351	-	1383	3.6e-47	3.6e-47	c	9	ATGTGTATCCGTTCAGGAGAGTGG:ATTTGTATCCGTTCAGCGGAGTGG
contig_18	IS481	IS481_213	338538	339433	896	3	338538	338544	339427	339433	10	6	7	0	0	0		1	4.1e-139	-1	p	3	TATTAAA:TATGAAA
contig_18	IS110	IS110_219	347242	348544	1303	1	347242	347269	348517	348544	44	25	28	0	347461	348405	+	945	1.2e-20	1.2e-20	p	1	TGTCATCCCAGTGCGTGACACTTGTATC:TGTCATGCCAGTGCGTGACACTGGCATC
contig_18	IS5	IS5_197	353180	353383	204	1	0	0	0	0	0	0	0	0	353180	353383	+	204	4.6e-30	4.6e-30	p	1	-:-
contig_18	IS481	IS481_213	354082	355730	1649	1	354082	354123	355689	355730	24	27	42	0	354093	355351	-	1259	2.3e-23	2.3e-23	p	1	ACAGACAAGAATTAACTGACAGAAGAATTGAGGTAGTCAAAA:ACATAAAGGAAGAATATGACATAGATATTGAAATTGTTAAAA
contig_18	IS5	IS5_197	355437	356354	918	9	355437	355460	356331	356354	44	23	24	0	0	0		1	1.8e-50	-1	c	9	AGAGGTTGTCCGGAAACTAGTAAA:AGAGGTTGTCCGGAAACAAGTAAA
contig_18	IS481	IS481_213	356354	357255	902	3	356354	356360	357249	357255	10	6	7	0	356353	357209	-	857	4.1e-139	4.1e-139	p	3	TAACACT:TAAGACT
contig_18	IS5	IS5_197	357439	358356	918	9	357439	357462	358333	358356	44	23	24	0	0	0		1	1.8e-50	-1	c	9	AGAGGTTGTCCGGAAACAAGTAAA:AGAGGTTGTCCGGAAACTAGTAAA
contig_18	IS66	IS66_78	372557	374038	1482	9	372557	372576	374019	374038	32	18	20	0	372635	374017	+	1383	3.6e-47	3.6e-47	c	9	GTATCCGTTCAGCGGAGTGG:GTATCCGTTCAGGAGAGTGG
contig_18	IS3	IS3_168	401992	403202	1211	1	401992	402042	403151	403202	66	44	52	1	402408	403120	-	713	4.5e-24	4.5e-24	p	1	AAGAAAT-TTGACCTTACCCAGAAAAAGTGGAGAGAAAGTGTGGAATGTTTT:AAGAAATAGTGACCTTACCCAGAAAAAGTGGAGAGAAAGAAAAGAGTTTTTT
contig_18	IS66	IS66_78	414369	415850	1482	9	414369	414388	415831	415850	32	18	20	0	414447	415829	+	1383	3.6e-47	3.6e-47	c	9	GTATCCGTTCAGCGGAGTGG:GTATCCGTTCAGGAGAGTGG
contig_18	IS5	IS5_197	416015	416779	765	9	416015	416024	416770	416779	16	9	10	0	0	0		1	1.8e-50	-1	p	9	CAAGCAAAAG:CAAGTAAAAG
contig_18	IS5	IS5_197	417411	418328	918	9	417411	417434	418305	418328	44	23	24	0	0	0		1	1.8e-50	-1	c	9	AGAGGTTGTCCGGAAACAAGTAAA:AGAGGTTGTCCGGAAACTAGTAAA
contig_18	IS110	IS110_219	434904	436362	1459	7	434904	434910	436356	436362	14	7	7	0	435106	436140	+	1035	4.3e-145	4.3e-145	c	7	AAAAAAG:AAAAAAG
contig_36	IS5	IS5_197	23932	27095	3164	1	23932	23958	27069	27095	26	20	27	0	24241	26754	+	2514	1.6e-49	1.6e-49	p	1	AAGAAAGTAATGAATTTAGAGAAAAAA:AAAAAAGAAATTATTTTACTTAAAAAA
contig_8	IS66	IS66_78	3170	4651	1482	17	3170	3189	4632	4651	32	18	20	0	3248	4630	+	1383	3.6e-47	3.6e-47	c	17	GTATCCGTTCAGCGGAGTGG:GTATCCGTTCAGGAGAGTGG
contig_8	IS3	IS3_176	33104	34304	1201	5	33104	33146	34262	34304	66	38	43	0	0	0		1	4.5e-18	-1	c	5	TGACCTTACCCAGAAAAAGTGGAGAGAAAGAAAGGAGTTTTTT:TGACCTTACCCAGAAAAAGTGGAGAGAAAGTTTGGAATGTTTT
contig_8	IS5	IS5_222	42509	43811	1303	1	42509	42599	43722	43811	48	59	91	1	42645	43577	-	933	5.3e-28	5.3e-28	p	1	GTATCTGTTCAGCAGAGTGGCAAAATAAGGTAGACGAGAAAAGACAACTATAGGAACAAATGGGTGTCATCCCAGTGCTTGACACTGGGAT:GTATCTGTTCAGATGCATGGCTAATGTACAAATA-TTGAAACAAAAATTCCAGTGCCCCTGTGATGTCATTCCAGTGCTTGACACTGGAAT
contig_8	IS110	IS110_219	63242	64700	1459	13	63242	63248	64694	64700	14	7	7	0	0	0		1	4.3e-145	-1	c	13	AAAAAAG:AAAAAAG
contig_8	IS110	IS110_219	71825	72986	1162	2	71825	71831	72980	72986	10	6	7	0	71845	72789	-	945	1.2e-20	1.2e-20	c	2	TGTCTCT:TGTATCT
contig_8	IS110	IS110_219	73259	74744	1486	13	73259	73263	74740	74744	10	5	5	0	0	0		1	4.3e-145	-1	c	13	GAAAA:GAAAA
contig_8	IS5	IS5_500|IS5||protein:plasmid:155312	82835	83658	824	1	82835	82850	83643	83658	24	14	16	0	82844	83464	-	621	2.9e-41	2.9e-41	p	1	AGAGCCTGTTCATAAT:AGAGCCTGTACGTAAT
contig_8	IS3	IS3_176	87454	88656	1203	7	87454	87496	88614	88656	62	37	43	0	0	0		1	4.5e-18	-1	c	7	TGACCTTACCCAGAAAAAGTGGAGAGAAAGAAAAGAGTTTTTT:TGACCTTACCCAGAAAAAGTGGAGAGAAAGTGTGGAATGTTTT
contig_8	IS3	IS3_176	113220	114413	1194	9	113220	113262	114371	114413	62	37	43	0	0	0		1	4.5e-18	-1	c	9	TGACCTTACCCAGAAAAAGTGGAGAGAAAGAAAAGAGTTTTTT:TGACCTTACCCAGAAAAAGTGGAGAGAAAGCTTGGAATGTTTT
contig_8	IS110	IS110_219	127703	129161	1459	13	127703	127709	129155	129161	14	7	7	0	127905	128939	+	1035	4.3e-145	4.3e-145	c	13	AAAAAAG:AAAAAAG
contig_8	IS5	IS5_342	129170	130087	918	10	129170	129193	130064	130087	44	23	24	0	0	0		1	2.2e-54	-1	c	10	AGAGGTTGTCCGGAAACTAGTAAA:AGAGGTTGTCCGGAAACAAGTAAA
contig_8	IS5	IS5_342	131178	132095	918	10	131178	131201	132072	132095	44	23	24	0	0	0		1	2.2e-54	-1	c	10	AGAGGTTGTCCGGAAACTAGTAAA:AGAGGTTGTCCGGAAACAAGTAAA
contig_8	ISNCY	ISNCY_191	140823	141697	875	3	140823	140837	141683	141697	18	12	15	0	0	0		1	8.1e-15	-1	c	3	AAGAATGGCTTCTTC:AAGAATCGTTACTTC
contig_8	IS110	IS110_219	141726	143208	1483	13	141726	141730	143204	143208	10	5	5	0	141939	142973	+	1035	4.3e-145	4.3e-145	c	13	CTTGT:CTTGT
contig_8	ISNCY	ISNCY_191	143236	145515	2280	4	143236	143240	145511	145515	10	5	5	0	0	0		1	8.1e-15	-1	c	4	TAGAG:TAGAG
contig_8	IS3	IS3_176	154546	155755	1210	8	154546	154588	155713	155755	66	38	43	0	0	0		1	4.5e-18	-1	c	8	TGACCTTACCCAGAAAAAGTGGAGAGAAAGTTTGGAATGTTTT:TGACCTTACCCAGAAAAAGTGGAGAGAAAGAAAGGAGTTTTTT
contig_8	IS481	IS481_213	162237	163425	1189	3	162237	162262	163400	163425	28	20	26	0	162271	163361	-	1091	1.1e-168	1.1e-168	c	3	TGTAAAAGACAAGATTTGATCTGACA:TGTATTAAATAAGACTTGACCTGACA
contig_8	ISNCY	ISNCY_191	164349	167263	2915	4	164349	164356	167256	167263	12	7	8	0	0	0		1	8.1e-15	-1	c	4	TGAATATT:TGCATATT
contig_8	IS481	IS481_213	168239	169433	1195	3	168239	168267	169405	169433	30	22	29	0	0	0		1	1.1e-168	-1	c	3	ATTTGTATTAAATAAGACTTGACCTGACA:ATCTGTAAAAGACAAGATTTGATCTGACA
contig_8	IS66	IS66_78	171580	173061	1482	17	171580	171599	173042	173061	32	18	20	0	171658	173040	+	1383	3.6e-47	3.6e-47	c	17	GTATCCGTTCAGCGGAGTGG:GTATCCGTTCAGGAGAGTGG
contig_8	IS5	IS5_342	176627	177544	918	10	176627	176650	177521	177544	44	23	24	0	176652	177484	-	833	2.2e-54	2.2e-54	c	10	AGAGGTTGTCCGGAAACTAGTAAA:AGAGGTTGTCCGGAAACAAGTAAA
contig_8	IS5	IS5_342	185719	186636	918	10	185719	185742	186613	186636	44	23	24	0	0	0		1	2.2e-54	-1	c	10	AGAGGTTGTCCGGAAACTAGTAAA:AGAGGTTGTCCGGAAACAAGTAAA
contig_8	ISNCY	ISNCY_191	186966	190022	3057	5	186966	186970	190018	190022	10	5	5	0	186754	189107	-	2354	8.1e-15	8.1e-15	c	5	TGTAT:TGTAT
contig_8	IS3	IS3_176	199988	201189	1202	5	199988	200030	201147	201189	66	38	43	0	0	0		1	4.5e-18	-1	c	5	TGACCTTACCCAGAAAAAGTGGAGAGAAAGTTTGGAATGTTTT:TGACCTTACCCAGAAAAAGTGGAGAGAAAGAAAGGAGTTTTTT
contig_8	IS66	IS66_78	245471	246952	1482	17	245471	245490	246933	246952	32	18	20	0	245492	246874	-	1383	3.6e-47	3.6e-47	c	17	GTATCCGTTCAGGAGAGTGG:GTATCCGTTCAGCGGAGTGG
contig_8	IS66	IS66_78	248716	250197	1482	17	248716	248735	250178	250197	32	18	20	0	248794	250176	+	1383	3.6e-47	3.6e-47	c	17	GTATCCGTTCAGCGGAGTGG:GTATCCGTTCAGGAGAGTGG
contig_8	IS66	IS66_78	256208	257689	1482	17	256208	256227	257670	257689	32	18	20	0	256286	257668	+	1383	3.6e-47	3.6e-47	c	17	GTATCCGTTCAGCGGAGTGG:GTATCCGTTCAGGAGAGTGG
contig_8	IS110	IS110_219	286292	287750	1459	13	286292	286298	287744	287750	14	7	7	0	286494	287528	+	1035	4.3e-145	4.3e-145	c	13	AAAAAAG:AAAAAAG
contig_8	IS110	IS110_219	292586	294068	1483	13	292586	292590	294064	294068	10	5	5	0	292799	293833	+	1035	4.3e-145	4.3e-145	c	13	CTTGT:CTTGT
contig_8	IS66	IS66_78	297666	299147	1482	17	297666	297685	299128	299147	32	18	20	0	297687	299069	-	1383	3.6e-47	3.6e-47	c	17	GTATCCGTTCAGGAGAGTGG:GTATCCGTTCAGCGGAGTGG
contig_8	IS66	IS66_78	307688	309169	1482	17	307688	307707	309150	309169	32	18	20	0	307766	309148	+	1383	3.6e-47	3.6e-47	c	17	GTATCCGTTCAGCGGAGTGG:GTATCCGTTCAGGAGAGTGG
contig_8	IS4	IS4_64	314955	316352	1398	2	314955	314972	316335	316352	36	18	18	0	0	0		1	1.6e-30	-1	c	2	CATACGCGTCAAGTTAAG:CATACGCGTCAAGTTAAG
contig_8	IS4	IS4_64	316346	317638	1293	1	316346	316369	317615	317638	24	18	24	0	316358	317302	+	945	1.6e-36	1.6e-36	p	1	GCGTATGGTAGCATGGAAGATATG:GCGTATGGATGGAAGCAAGAGATG
contig_8	IS3	IS3_168	318757	319886	1130	3	318757	318790	319853	319886	64	33	34	0	318927	319097	-	171	3.3e-21	3.3e-21	c	3	CCAGAAAAAGTAGAGAGAAAGTTAAGACGTTTTT:CCAGAAAAAGTAGAGAGAAAGTTAAAACGTTTTT
contig_8	IS66	IS66_78	327370	328851	1482	17	327370	327389	328832	328851	32	18	20	0	0	0		1	3.6e-47	-1	c	17	GTATCCGTTCAGGAGAGTGG:GTATCCGTTCAGCGGAGTGG
contig_8	IS66	IS66_78	332380	333861	1482	17	332380	332399	333842	333861	32	18	20	0	0	0		1	3.6e-47	-1	c	17	GTATCCGTTCAGGAGAGTGG:GTATCCGTTCAGCGGAGTGG
contig_8	IS3	IS3_168	364869	365998	1130	3	364869	364902	365965	365998	68	34	34	0	365658	365828	+	171	3.3e-21	3.3e-21	c	3	CCAGAAAAAGTAGAGAGAAAGTTAAGACGTTTTT:CCAGAAAAAGTAGAGAGAAAGTTAAGACGTTTTT
contig_8	IS66	IS66_78	366439	367920	1482	17	366439	366458	367901	367920	32	18	20	0	0	0		1	3.6e-47	-1	c	17	GTATCCGTTCAGGAGAGTGG:GTATCCGTTCAGCGGAGTGG
contig_8	IS110	IS110_219	368003	369164	1162	2	368003	368009	369158	369164	10	6	7	0	368200	369144	+	945	1.2e-20	1.2e-20	c	2	TGTATCT:TGTCTCT
contig_8	IS66	IS66_78	373223	374704	1482	17	373223	373242	374685	374704	32	18	20	0	373301	374683	+	1383	3.6e-47	3.6e-47	c	17	GTATCCGTTCAGCGGAGTGG:GTATCCGTTCAGGAGAGTGG
contig_8	IS3	IS3_176	394114	395316	1203	7	394114	394168	395262	395316	66	44	55	0	394200	394518	-	319	4.5e-18	4.5e-18	c	7	TGACCTTACCCAGAAAAAGTGGAGAGAAAGTGTGGAATGTTTTTTACAAAAAGAA:TGACCTTACCCAGAAAAAGTGGAGAGAAAGAAAAGAGTTTTTTTGGGTAAAATAA
contig_8	IS3	IS3_168	401573	402702	1130	3	401573	401606	402669	402702	64	33	34	0	401743	401913	-	171	3.3e-21	3.3e-21	c	3	CCAGAAAAAGTAGAGAGAAAGTTAAGACGTTTTT:CCAGAAAAAGTAGAGAGAAAGTTAAAACGTTTTT
contig_8	IS3	IS3_176	426755	427956	1202	9	426755	426797	427914	427956	66	38	43	0	0	0		1	4.5e-18	-1	c	9	TGACCTTACCCAGAAAAAGTGGAGAGAAAGTTTGGAATGTTTT:TGACCTTACCCAGAAAAAGTGGAGAGAAAGAAAGGAGTTTTTT
contig_8	IS4	IS4_64	428140	429537	1398	2	428140	428157	429520	429537	36	18	18	0	0	0		1	1.6e-30	-1	c	2	CATACGCGTCAAGTTAAG:CATACGCGTCAAGTTAAG
contig_8	ISNCY	ISNCY_191	433559	435749	2191	1	433559	433579	435730	435749	20	17	21	1	0	0		1	8.1e-15	-1	p	1	CAAATTTCATTGTCGATCTTT:CAACTTTC-TTGGCTATCTTT
contig_8	IS110	IS110_219	452290	453748	1459	13	452290	452296	453742	453748	14	7	7	0	452512	453546	-	1035	4.3e-145	4.3e-145	c	13	AAAAAAG:AAAAAAG
contig_8	IS66	IS66_78	454353	455834	1482	17	454353	454372	455815	455834	32	18	20	0	454431	455813	+	1383	3.6e-47	3.6e-47	c	17	GTATCCGTTCAGCGGAGTGG:GTATCCGTTCAGGAGAGTGG
contig_8	IS481	IS481_240	485051	486071	1021	1	485051	485094	486029	486071	54	37	44	1	485039	486063	-	1025	1e-139	1e-139	c	1	GGGAGTGTATGGTCCCAGAGTGTGATGGTGTGGATTTAGTATGA:GGGGATGTATGGTCCCAGAGTGTGATGGTAT-GATAAAATATGA
contig_8	IS3	IS3_176	490134	490761	628	5	0	0	0	0	0	0	0	0	0	0		1	4.5e-18	-1	p	5	-:-
contig_8	IS630	IS630_386	490761	491866	1106	3	490761	490775	491852	491866	22	13	15	0	0	0		1	9.5e-40	-1	c	3	ATACCAATTCCCATT:ATACCAACTCTCATT
contig_8	IS5	IS5_342	491868	492785	918	10	491868	491891	492762	492785	44	23	24	0	0	0		1	2.2e-54	-1	c	10	AGAGGTTGTCCGGAAACTAGTAAA:AGAGGTTGTCCGGAAACAAGTAAA
contig_8	IS3	IS3_176	492790	493338	549	7	492790	492803	493325	493338	16	11	14	0	0	0		1	4.5e-18	-1	c	7	AGAAAGTTTAAAAT:AGAAAGTGTGGAAT
contig_8	IS481	IS481_213	495773	496961	1189	3	495773	495798	496936	496961	28	20	26	0	0	0		1	1.1e-168	-1	c	3	TGTATTAAATAAGACTTGACCTGACA:TGTAAAAGACAAGATTTGATCTGACA
contig_8	IS3	IS3_176	505663	506732	1070	6	505663	505678	506717	506732	12	11	16	0	0	0		1	4.5e-18	-1	c	6	GTTTTTTCGGGTAAAA:GTTGTTTGTTATAAAA
contig_8	IS5	IS5_342	506743	507660	918	10	506743	506766	507637	507660	44	23	24	0	0	0		1	2.2e-54	-1	c	10	AGAGGTTGTCCGGAAACTAGTAAA:AGAGGTTGTCCGGAAACAAGTAAA
contig_8	IS66	IS66_78	516879	518329	1451	1	516879	516917	518291	518329	26	26	39	0	517373	518035	+	663	6.2e-13	6.2e-13	p	1	TTTCACATTCATTTCATTTATAATAGACTTCTTGCATAA:TTACAATTTCCTTAGATGGAAAATAGAGATATTACATAA
contig_8	IS110	IS110_236	518175	519651	1477	1	518175	518208	519618	519651	24	23	34	0	518539	519478	+	940	1.5e-11	1.5e-11	p	1	ATTGATGTAATAAAGAAAATTCTCCAAGCAATAA:ATTTGTGTAATTTTGCAAATTATATGGGCAATAA
contig_8	IS21	IS21_259	564323	566047	1725	1	564323	564359	566011	566047	26	25	37	0	564683	566065	-	1383	4.4e-11	4.4e-11	p	1	AATGTTACTACCATAGTTTCTGGCCACATTCATATAG:AAGGTTTCTACTATGTTTTTTGATCAGATTATTACAG
contig_8	IS66	IS66_78	576563	578044	1482	17	576563	576582	578025	578044	32	18	20	0	576584	577966	-	1383	3.6e-47	3.6e-47	c	17	GTATCCGTTCAGGAGAGTGG:GTATCCGTTCAGCGGAGTGG
contig_8	IS110	IS110_219	604703	606188	1486	13	604703	604707	606184	606188	10	5	5	0	604951	605985	-	1035	4.3e-145	4.3e-145	c	13	GAAAA:GAAAA
contig_8	IS110	IS110_219	651048	652530	1483	13	651048	651052	652526	652530	10	5	5	0	651261	652295	+	1035	4.3e-145	4.3e-145	c	13	CTTGT:CTTGT
contig_8	IS110	IS110_113	663231	665793	2563	1	663231	663251	665773	665793	26	17	21	0	663646	665721	+	2076	1.3e-140	1.3e-140	c	1	TACCAGCAATACAGACATGTG:TACCACTCATACAAACATGTG
contig_8	IS5	IS5_342	665797	666714	918	10	665797	665820	666691	666714	44	23	24	0	0	0		1	2.2e-54	-1	c	10	AGAGGTTGTCCGGAAACAAGTAAA:AGAGGTTGTCCGGAAACTAGTAAA
contig_8	IS630	IS630_386	666716	667821	1106	3	666716	666730	667807	667821	22	13	15	0	666726	667737	-	1012	9.5e-40	9.5e-40	c	3	ATACCAACTCTCATT:ATACCAATTCCCATT
contig_8	IS5	IS5_342	744183	745100	918	10	744183	744206	745077	745100	44	23	24	0	0	0		1	2.2e-54	-1	c	10	AGAGGTTGTCCGGAAACAAGTAAA:AGAGGTTGTCCGGAAACTAGTAAA
contig_8	IS630	IS630_247	745100	746055	956	1	745100	745124	746031	746055	26	19	25	0	745212	745990	-	779	5.1e-42	5.1e-42	p	1	TTATAGCATTTCTTATAATAGTCCG:TTATAGCTCTTTCCATAAAAGTCCG
contig_8	IS110	IS110_219	749048	750530	1483	13	749048	749052	750526	750530	10	5	5	0	749261	750295	+	1035	4.3e-145	4.3e-145	c	13	CTTGT:CTTGT
contig_8	IS66	IS66_78	750609	752090	1482	17	750609	750628	752071	752090	32	18	20	0	750630	752012	-	1383	3.6e-47	3.6e-47	c	17	GTATCCGTTCAGGAGAGTGG:GTATCCGTTCAGCGGAGTGG
contig_8	IS66	IS66_78	755684	757165	1482	17	755684	755703	757146	757165	32	18	20	0	755762	757144	+	1383	3.6e-47	3.6e-47	c	17	GTATCCGTTCAGCGGAGTGG:GTATCCGTTCAGGAGAGTGG
contig_8	IS66	IS66_78	816412	817893	1482	17	816412	816431	817874	817893	32	18	20	0	816490	817872	+	1383	3.6e-47	3.6e-47	c	17	GTATCCGTTCAGCGGAGTGG:GTATCCGTTCAGGAGAGTGG
contig_8	IS630	IS630_386	830884	831995	1112	3	830884	830901	831978	831995	24	15	18	0	830897	831908	-	1012	9.5e-40	9.5e-40	c	3	CTAATACCAACTCTCATT:CTTATACCAATTCCCATT
contig_8	IS5	IS5_342	831994	832911	918	9	831994	832017	832888	832911	44	23	24	0	0	0		1	2.2e-54	-1	c	9	AGAGGTTGTCCGGAAACTAGTAAA:AGAGGTTGTCCGGAAACAAGTAAA
contig_8	IS5	IS5_342	842777	843694	918	10	842777	842800	843671	843694	44	23	24	0	0	0		1	2.2e-54	-1	c	10	AGAGGTTGTCCGGAAACAAGTAAA:AGAGGTTGTCCGGAAACTAGTAAA
contig_8	IS110	IS110_219	848844	850321	1478	13	848844	848848	850317	850321	10	5	5	0	849080	850114	-	1035	4.3e-145	4.3e-145	c	13	TCTTG:TCTTG
contig_8	IS110	IS110_219	853784	855269	1486	13	853784	853788	855265	855269	10	5	5	0	854032	855066	-	1035	4.3e-145	4.3e-145	c	13	GAAAA:GAAAA
contig_8	IS110	IS110_219	859692	861177	1486	13	859692	859696	861173	861177	10	5	5	0	859940	860974	-	1035	4.3e-145	4.3e-145	c	13	GAAAA:GAAAA
contig_8	ISNCY	ISNCY_191	867719	870788	3070	5	867719	867729	870778	870788	14	9	11	0	0	0		1	8.1e-15	-1	c	5	CAAGTCTGTAT:CAATTGTGTAT
contig_8	IS66	IS66_78	894908	896389	1482	17	894908	894927	896370	896389	32	18	20	0	894929	896311	-	1383	3.6e-47	3.6e-47	c	17	GTATCCGTTCAGGAGAGTGG:GTATCCGTTCAGCGGAGTGG
